Date,T_5551,T_5554,T_5552,Decanter_Flowrate,Temp_Bearing_NDE,Temp_Bearing_DE,Vibration_Feed,Vibration_Driver,Vibration_Frame,Blow_Speed_RPM,Diff_Speed_RPM,Torque,Severity
5/8/2022 1:00,32.20861053,70.49595642,50.78915024,0.003035655,37.9919548,40.40087128,0.107809506,0.0969171,-0.045779176,-3.938235998,-0.023145385,0.187813088,
5/8/2022 2:00,32.37425232,71.37123108,49.89403534,0.00382251,35.26665497,36.96721268,0.1132406,0.103616782,-0.045776367,-3.865058184,-0.02106938,0.159424007,
5/8/2022 3:00,32.49306488,72.13548279,50.07158279,0.003157238,33.61956406,34.74422073,0.104132578,0.09471187,-0.047201592,-3.827368736,-0.02100119,0.144010454,
5/8/2022 4:00,33.2485466,72.01583099,49.89058304,0.002910611,32.45189285,33.49376678,0.101983666,0.084537014,-0.045751195,-3.917721272,-0.020723926,0.143913805,
5/8/2022 5:00,33.31578827,72.25443268,50.08213425,0.004221688,31.90411949,32.60909271,0.102283262,0.093263663,-0.04566247,-4.042664528,-0.022635609,0.125695571,
5/8/2022 6:00,33.42675781,72.69570923,49.79223251,0.00351001,31.38061333,32.01874924,0.109869048,0.091353655,-0.045596763,-3.843076468,-0.022332214,0.131421447,
5/8/2022 7:00,33.5524559,73.10540009,50.15422058,0.002978185,31.03376007,31.44003677,0.111841358,0.095553413,-0.045775171,-4.150187016,-0.017706895,0.131219551,
5/8/2022 8:00,33.66939926,73.71363831,49.93369293,0.00376629,30.93034935,31.04051781,0.106597044,0.090934731,-0.045724314,-3.770376921,-0.018677905,0.127932489,
5/8/2022 9:00,33.7309227,73.79916382,49.97865295,0.003474297,31.31371307,30.88188362,0.107274964,0.091656223,-0.047687568,-4.142430305,-0.024814401,0.134625673,
5/8/2022 10:00,38.19544983,73.17339325,50.06676102,0.003225299,32.2946434,31.03913307,0.107645445,0.095823795,-0.048575245,-4.275484562,-0.022130245,0.146725073,
5/8/2022 11:00,38.24491882,74.18041992,50.04088593,0.004325651,33.87126923,31.18885612,0.108022563,0.096929498,-0.048077803,-3.920079708,-0.020844769,0.128085747,
5/8/2022 12:00,38.15037537,73.04103088,49.93770981,0.003810747,35.06651688,31.47432327,0.107472412,0.096991114,-0.048827443,-3.876767397,-0.023844093,0.132430479,
5/8/2022 13:00,38.0813942,74.26309967,49.9669838,0.004300911,37.03879166,32.3430481,0.107082583,0.099333368,-0.050743748,-3.976864576,-0.021714069,0.124690227,
5/8/2022 14:00,38.02336502,75.75357056,50.13139725,0.004238951,37.93551254,32.89954376,0.110418826,0.088395551,-0.050207041,-3.910488605,-0.019393204,0.1278923,
5/8/2022 15:00,38.09120178,76.72409058,50.04321289,0.003744108,37.77032471,32.91607285,0.102877617,0.090175532,-0.049632668,-3.994628906,-0.020924345,0.14028047,
5/8/2022 16:00,37.94279861,78.78274536,49.92967606,0.005262918,37.15445328,32.98154831,0.106970847,0.094924763,-0.048850399,-4.244442463,-0.025547072,0.128279909,
5/8/2022 17:00,37.97713089,79.72678375,50.0540657,0.004384746,36.39531708,32.90974426,0.109805934,0.09890458,-0.04881908,-3.705795527,-0.020833505,0.127115145,
5/8/2022 18:00,39.99782944,80.29051208,49.95127487,0.003868294,35.36098862,32.6049881,0.106570981,0.095426098,-0.046884481,-3.761328936,-0.023001458,0.127590597,
5/8/2022 19:00,42.66944885,76.60844421,49.99484253,0.003308072,34.30529404,31.93293762,0.10587275,0.091602936,-0.046711501,-3.935944557,-0.022132911,0.126441643,
5/8/2022 20:00,42.92422867,77.50947571,50.02479172,0.00382254,33.26635742,31.17781258,0.104337938,0.096522704,-0.045776367,-3.852417469,-0.021939576,0.127643526,
5/8/2022 21:00,43.09748459,78.40647888,49.9957962,0.003218338,32.00037384,30.57678604,0.104945362,0.097289503,-0.045776375,-4.005126476,-0.021119129,0.128132597,
5/8/2022 22:00,43.33412552,79.1144104,49.93999481,0.003495905,31.23108673,29.99533272,0.105152458,0.093207106,-0.045768175,-3.779874325,-0.022462446,0.129175529,
5/8/2022 23:00,44.75651932,76.99869537,49.97974777,0.003101267,30.81945992,29.74173164,0.112268232,0.092562728,-0.045752674,-3.801614285,-0.02332367,0.125202999,
6/8/2022 0:00,44.45739746,78.00356293,49.99546051,0.003043331,30.56692123,29.62581635,0.106255189,0.096294314,-0.045775581,-3.523134947,-0.022501243,0.122103691,
6/8/2022 1:00,45.32887268,79.03822327,49.95946121,0.004355868,30.36006165,29.48340225,0.111332171,0.096036911,-0.044339266,-3.904812813,-0.019814515,0.127234757,
6/8/2022 2:00,45.51973343,79.71124268,49.97344589,0.003592884,30.26051331,29.45364571,0.110409074,0.096408911,-0.045731798,-3.89754653,-0.018680973,0.124965496,
6/8/2022 3:00,45.71155548,79.89025116,49.94954681,0.003612734,30.1868248,29.4476223,0.107645012,0.09579549,-0.045775615,-3.842137814,-0.02118599,0.129884958,
6/8/2022 4:00,45.9091301,80.41984558,49.99940872,0.003805047,29.98710823,29.39308357,0.109578162,0.09162876,-0.045773175,-4.020317554,-0.021913836,0.118481673,
6/8/2022 5:00,46.15528107,80.67767334,50.05503464,0.003082778,29.80314827,29.36965561,0.104340822,0.092180066,-0.04577636,-3.917230129,-0.023661923,0.1245386,
6/8/2022 6:00,46.34229279,81.16015625,50.05465698,0.002368312,29.81074905,29.44284821,0.110060774,0.097371444,-0.045059185,-3.940172911,-0.020744596,0.128212482,
6/8/2022 7:00,46.50490952,81.03285217,50.0542984,0.004494165,29.96219063,29.4551239,0.106545597,0.094898477,-0.045777157,-3.872535229,-0.020422801,0.129601046,
6/8/2022 8:00,47.30475998,80.43478394,49.93914032,0.00350021,30.5764389,29.59784698,0.108383663,0.099956527,-0.046114162,-4.052458763,-0.02350501,0.127385736,
6/8/2022 9:00,47.46675491,80.04542542,49.9828949,0.00421613,31.95922852,30.00646591,0.110053562,0.096992716,-0.046138167,-4.117511272,-0.019471858,0.12702325,
6/8/2022 10:00,47.71206665,79.90713501,50.04998779,0.004563503,33.72745895,30.49599457,0.108314633,0.0966876,-0.048803344,-4.121563911,-0.022985116,0.127876267,
6/8/2022 11:00,47.84828568,79.2341156,49.95625687,0.004598179,34.92432022,30.96156311,0.10562934,0.099087238,-0.047925249,-3.593551636,-0.021812227,0.123925224,
6/8/2022 12:00,50.8117485,80.35396576,49.93388748,0.004178655,36.56850433,31.63632393,0.103876352,0.096859135,-0.04950659,-3.900359869,-0.020336606,0.125819519,
6/8/2022 13:00,52.39912796,81.91692352,50.00617218,0.004229586,36.34436798,31.84680748,0.106373101,0.096428953,-0.048836481,-4.006557465,-0.020647241,0.132105649,
6/8/2022 14:00,52.60857773,82.5710144,50.02125931,0.003828102,35.93976593,31.98883629,0.108580112,0.100198731,-0.048828073,-3.856459379,-0.023066025,0.128192589,
6/8/2022 15:00,52.73768616,82.96574402,50.02093506,0.003973298,35.74504852,32.06065369,0.103936017,0.090420872,-0.048828077,-3.827013969,-0.023036221,0.138472497,
6/8/2022 16:00,53.68011856,83.20340729,49.96278763,0.004082317,35.3623085,32.11146545,0.105712496,0.100294285,-0.04882801,-3.995763302,-0.02147969,0.127527431,
6/8/2022 17:00,54.01130676,83.30369568,50.03075409,0.003991065,32.20978546,30.1382618,0.102903284,0.092512205,-0.04468767,-3.923624039,-0.020777564,0.128167167,
6/8/2022 18:00,54.16040802,82.7257309,50.05998611,0.003049418,31.14414787,29.12577057,0.110468633,0.09334071,-0.043100435,-3.917727232,-0.023756089,0.127763361,
6/8/2022 19:00,54.36485291,83.58446503,50.01940155,0.00362438,29.65895271,28.38203812,0.108807288,0.135676309,-0.043087859,-4.026000977,-0.021292001,0.131984174,
6/8/2022 20:00,54.54614639,83.76641083,49.96731949,0.003222339,29.02081108,27.94468689,0.10259828,0.111650847,-0.044781998,-3.618001223,-0.01996186,0.127569214,
6/8/2022 21:00,54.68054581,82.95532227,50.02061844,0.003075284,28.73719025,27.89171982,0.11416927,0.092217691,-0.044387322,-4.102446079,-0.0239789,0.129645646,
6/8/2022 22:00,54.84691238,82.01174164,49.97311783,0.003316825,28.55719376,27.95777512,0.114985906,0.097166501,-0.043347653,-3.990216732,-0.020894501,0.122061916,
6/8/2022 23:00,55.06897736,82.49903107,50.01467896,0.003102771,28.61616325,28.02211761,0.11200995,0.092745721,-0.044885479,-4.124866962,-0.020555004,0.130443066,
7/8/2022 0:00,55.95454025,79.97171783,49.94478989,0.00280427,28.7034893,28.08820152,0.1096875,0.089465953,-0.045629263,-3.971864223,-0.021090483,0.126751527,
7/8/2022 1:00,56.12639236,80.60332489,49.96416473,0.003504953,28.49298859,28.09441948,0.114187792,0.091897175,-0.043653842,-3.838252068,-0.024252854,0.136263758,
7/8/2022 2:00,56.31422424,81.0925827,49.96516037,0.003189225,28.53842163,28.10991669,0.108495086,0.089415327,-0.045696281,-4.015107155,-0.022084225,0.130721986,
7/8/2022 3:00,56.53759003,81.41009521,49.95123672,0.00315599,28.39793015,28.09387016,0.108300343,0.097629577,-0.045436919,-4.117644787,-0.024324561,0.126159474,
7/8/2022 4:00,56.68981552,81.78020477,50.04354858,0.003262962,28.53707123,28.09537315,0.106635228,0.09718392,-0.044243384,-4.254852295,-0.022090057,0.131052211,
7/8/2022 5:00,56.9274292,82.24389648,50.02859116,0.003080917,28.44804955,28.18658447,0.108671747,0.097154871,-0.044249956,-3.852216721,-0.023292646,0.129954323,
7/8/2022 6:00,58.602314,82.36750031,50.04725647,0.004327239,28.6339035,28.24437523,0.10464067,0.0988276,-0.045460016,-3.993239641,-0.019178169,0.125402018,
7/8/2022 7:00,58.77626801,81.98558807,50.00867081,0.003076578,28.76599884,28.2575531,0.106410988,0.095567487,-0.045759257,-3.832052469,-0.019516518,0.123546474,
7/8/2022 8:00,62.71577072,81.07852173,50.01547623,0.00344588,29.80408859,28.54336739,0.109152302,0.091087021,-0.04646619,-3.956360579,-0.0246238,0.132258683,
7/8/2022 9:00,63.57063293,81.23800659,50.79784775,0.003217293,30.72652626,29.08301544,0.109307729,0.107028231,-0.045955334,-3.903244734,-0.021527126,0.13676095,
7/8/2022 10:00,63.74676132,81.45362854,50.80427933,0.004158307,31.83564186,29.45129395,0.107866347,0.093505181,-0.046739463,-4.04478693,-0.020003177,0.13803786,
7/8/2022 11:00,63.93619919,80.59464264,50.69112015,0.003015811,33.40763092,30.12299728,0.114068843,0.101386726,-0.048774946,-3.935868502,-0.021342508,0.134343743,
7/8/2022 12:00,64.15245056,81.45758057,50.70243073,0.004138899,34.60709381,30.64616203,0.106051564,0.093629017,-0.048828077,-3.853296518,-0.024090054,0.134895116,
7/8/2022 13:00,64.31212616,79.82692719,50.7538147,0.003554053,35.5188942,31.16966629,0.105135508,0.095963351,-0.049184524,-3.782740116,-0.019694375,0.130315766,
7/8/2022 14:00,64.58345032,80.93717957,50.67224884,0.003816962,36.06472397,31.4727726,0.108312622,0.094916143,-0.048724502,-4.111641884,-0.022660663,0.140367523,
7/8/2022 15:00,64.69995117,81.84098816,50.63861084,0.003363665,36.20080948,31.92376518,0.099612862,0.09794762,-0.051549628,-4.106078148,-0.022897813,0.132135496,
7/8/2022 16:00,65.45859528,83.15824127,50.61104584,0.004260578,35.74971771,31.91194916,0.108558327,0.092164516,-0.049177419,-3.749306202,-0.021039756,0.132713079,
7/8/2022 17:00,65.74821472,83.78591156,51.32927704,0.003957717,35.21271896,31.7803154,0.108879447,0.095059074,-0.047920499,-3.736527681,-0.021912441,0.13040778,
7/8/2022 18:00,66.02745056,84.70459747,52.09878922,0.003715385,34.0105629,31.33598709,0.106569842,0.098362729,-0.047255833,-3.863732815,-0.019583071,0.144473672,
7/8/2022 19:00,66.24686432,80.78244781,52.92622375,0.003723188,32.7556076,30.74073982,0.104851402,0.097032905,-0.045786783,-4.074543476,-0.024509957,0.137150615,
7/8/2022 20:00,66.52385712,81.01810455,53.80873489,0.003567043,32.11312485,30.42440605,0.110312022,0.093361139,-0.045776714,-3.853503942,-0.019380355,0.140076116,
7/8/2022 21:00,65.95537567,81.38095856,54.70592117,0.004147013,31.45126724,30.194561,0.109304622,0.108516142,-0.045726504,-3.856203556,-0.021741871,0.137848437,
7/8/2022 22:00,65.94402313,81.37375641,55.59199905,0.003752291,31.06833839,29.99518585,0.113989934,0.101286314,-0.045419842,-4.008002758,-0.020554245,0.132478327,
7/8/2022 23:00,66.25998688,81.81483459,56.46743011,0.004495058,30.81330299,29.97126961,0.111036554,0.098040104,-0.045731857,-3.783771992,-0.021273296,0.128492683,
8/8/2022 0:00,66.91854095,81.16638947,57.35005188,0.003355706,30.51427269,29.83931351,0.107324705,0.099814728,-0.045594692,-3.824104309,-0.01990623,0.1342621,
8/8/2022 1:00,67.19315338,74.07164764,58.11804581,0.003425231,30.07061958,29.45123482,0.103381567,0.095691137,-0.044678718,-3.850476742,-0.021749364,0.130517498,
8/8/2022 2:00,67.32975006,72.36147308,58.91923141,0.004201658,29.8108902,29.17354393,0.105654113,0.101306669,-0.045415867,-3.752655506,-0.022944439,0.128004491,
8/8/2022 3:00,67.94783783,72.60421753,59.68949127,0.004155152,29.53063583,29.08732414,0.105516747,0.093166947,-0.045733187,-3.700877905,-0.018813591,0.134431243,
8/8/2022 4:00,71.29671478,72.33312225,60.32728958,0.003823004,29.19130707,28.85761452,0.108206719,0.094819903,-0.04577589,-4.21608448,-0.021492271,0.129518718,
8/8/2022 5:00,71.48460388,72.52272797,61.10074997,0.004236407,29.34504128,28.87041855,0.108300366,0.09856011,-0.045762863,-4.091237545,-0.021325242,0.12824145,
8/8/2022 6:00,71.62708282,72.4879837,61.89441299,0.0032579,29.11243629,28.72355652,0.105252229,0.096004412,-0.045318719,-3.486814499,-0.021641737,0.135534436,
8/8/2022 7:00,71.83216858,72.83396912,62.66287994,0.004452028,29.03591919,28.69697189,0.105608746,0.093054123,-0.045240402,-4.029001713,-0.021217491,0.135486126,
8/8/2022 8:00,72.69197845,72.68094635,63.45113754,0.003418416,29.38755989,28.71681404,0.112152934,0.091802433,-0.045827441,-3.712046623,-0.022471646,0.13537921,
8/8/2022 9:00,72.83049774,72.9232254,64.25010681,0.002747386,30.11258888,29.08181572,0.102980003,0.092495948,-0.045872442,-4.19657135,-0.022188032,0.137464717,
8/8/2022 10:00,76.69741058,73.03251648,65.02584076,0.004207165,30.41214371,29.15447617,0.107054986,0.095308796,-0.045780849,-3.929939508,-0.017831169,0.127197474,
8/8/2022 11:00,79.61394501,73.28387451,65.77623749,0.003298139,30.94446754,29.38118172,0.105555139,0.093672179,-0.045788333,-4.016335487,-0.022299159,0.133620828,
8/8/2022 12:00,74.08843994,73.58448792,66.47307587,0.003303705,30.91945648,29.14924431,0.105877712,0.096373871,-0.045776192,-4.032913685,-0.02053774,0.131440267,
8/8/2022 13:00,63.61284256,73.3401947,67.27489471,0.004378586,31.14586449,29.38491058,0.106581621,0.098833852,-0.045788888,-4.301826477,-0.022918887,0.136630535,
8/8/2022 14:00,52.70372009,72.63221741,68.11084747,0.004170828,32.75498962,30.12462807,0.109470971,0.099624366,-0.048034187,-4.104329109,-0.023972347,0.13877283,
8/8/2022 15:00,50.43997955,73.15313721,68.8502121,0.004524863,33.41511536,30.42102242,0.10958495,0.096534178,-0.048655976,-4.016501427,-0.020636398,0.13556689,
8/8/2022 16:00,50.58208847,73.2990799,69.62311554,0.003504458,33.41654587,30.57709694,0.109726697,0.097892195,-0.046090633,-4.01118803,-0.021356989,0.140675709,
8/8/2022 17:00,50.73443985,73.84223938,70.39474487,0.004544984,33.05347061,30.43247032,0.114663415,0.090401515,-0.04631466,-3.796906233,-0.021826783,0.144608334,
8/8/2022 18:00,51.06386566,74.39463806,71.12242126,0.004130237,32.44854355,30.29197693,0.108401634,0.092917755,-0.045787502,-3.686649561,-0.020225991,0.146479011,
8/8/2022 19:00,51.39906693,76.28874969,71.79058838,0.003544611,29.97059441,28.01370811,0.110444121,0.09340851,-0.043202959,-3.531230927,-0.018777782,0.134457991,
8/8/2022 20:00,51.49261856,75.27078247,72.57015991,0.00361199,29.04102516,27.36787033,0.107708126,0.100743927,-0.042792376,-4.024907589,-0.021043165,0.139049441,
8/8/2022 21:00,52.35668182,74.51805878,73.37405396,0.003301976,28.29572105,27.21468163,0.10522294,0.099326476,-0.04335143,-3.871942759,-0.022607021,0.136400372,
8/8/2022 22:00,52.54261398,74.29071045,74.15299225,0.004421505,28.18957901,27.19093323,0.107946858,0.098520622,-0.045229089,-4.187177658,-0.022458408,0.138696164,
8/8/2022 23:00,52.70750809,74.76556396,74.92399597,0.004031917,27.97961235,27.19759941,0.109579965,0.099145964,-0.045498379,-4.059868336,-0.020975852,0.137212291,
9/8/2022 0:00,52.94996262,74.7383194,75.60379791,0.004069861,27.7790699,27.05999565,0.108202532,0.093950763,-0.04458471,-3.844069004,-0.0200879,0.134509996,
9/8/2022 1:00,53.13018417,74.88483429,76.34133911,0.003401326,27.1682663,26.75997925,0.106344134,0.089542754,-0.044239555,-3.855025768,-0.022608832,0.135758802,
9/8/2022 2:00,53.52025223,74.85331726,77.0830307,0.003794233,26.76237488,26.26734543,0.110880025,0.092026889,-0.044150051,-3.835528851,-0.024250949,0.13981241,
9/8/2022 3:00,57.05120087,74.78935242,77.88437653,0.0039984,26.40011787,26.0182209,0.107901797,0.089425325,-0.043206781,-4.108683586,-0.019791994,0.136550933,
9/8/2022 4:00,57.189991,74.7483139,78.69301605,0.003678497,26.205513,25.79617882,0.117663167,0.094806321,-0.042841759,-3.556983471,-0.020221466,0.133000091,
9/8/2022 5:00,57.26691437,74.70267487,79.42644501,0.003986583,26.06858444,25.7124424,0.112062745,0.095451728,-0.043080624,-3.944961309,-0.020800387,0.132559046,
9/8/2022 6:00,58.13866806,74.63220215,80.23388672,0.003637097,26.07217789,25.68904877,0.117425345,0.093301207,-0.043756079,-3.762571096,-0.024035091,0.130616412,
9/8/2022 7:00,59.49134827,74.32443237,81.00765991,0.003935285,26.13207626,25.67789078,0.107968189,0.091141373,-0.042749364,-4.093585491,-0.021660762,0.12912941,
9/8/2022 8:00,59.60301971,73.81283569,81.81257629,0.00332642,26.65303421,25.95518684,0.103781462,0.091553941,-0.044156354,-3.774294138,-0.02316043,0.132494271,
9/8/2022 9:00,59.74357224,73.23074341,42.18645477,0.003518382,27.98066521,26.36368942,0.106325798,0.101542845,-0.045774724,-3.968770504,-0.019797297,0.133202106,
9/8/2022 10:00,59.88235474,73.33260345,79.26650238,0.004398755,29.34208107,26.83019257,0.109754287,0.093624711,-0.045776326,-3.973572493,-0.018897483,0.137012213,
9/8/2022 11:00,64.56089783,72.31334686,50.58204651,0.00410773,31.15453148,27.65247154,0.108355664,0.102224872,-0.048664991,-3.77093792,-0.023240585,0.13389191,
9/8/2022 12:00,64.75589752,72.95199585,51.89376831,0.003738669,32.58386612,28.4066906,0.105877906,0.096899353,-0.047401045,-4.099955082,-0.020817095,0.134323478,
9/8/2022 13:00,64.95146179,72.86782837,52.74863815,0.00430448,33.35533905,29.08894539,0.109138109,0.103875317,-0.047119133,-3.78265667,-0.021329004,0.137171194,
9/8/2022 14:00,64.69993591,48.87784195,74.66687775,13.66010284,39.81320572,76.27155304,8.846069336,2.631749153,2.287484884,3180.799805,1.02890265,4.479219437,
9/8/2022 15:00,54.44621658,73.89186096,60.84657669,13.36323929,64.81274414,56.7105484,3.016498089,1.78611207,3.354928732,3176.93042,4.852432251,11.08161068,
9/8/2022 16:00,44.23657227,81.72557068,45.86664581,13.43470287,73.6415329,50.69564819,3.933997154,2.34661293,4.56683588,3172.05542,0.964891672,7.513857841,
9/8/2022 17:00,42.1373024,78.9872818,51.83171463,3.189348936,74.10358429,50.05341721,3.49899435,0.99086076,3.762287378,3176.401855,0.985989571,5.552621841,
9/8/2022 18:00,39.936203,84.68302155,48.87419891,3.135337591,74.24404144,50.10339355,3.02682066,0.884928107,3.177252769,3177.976074,0.984446943,6.40675211,
9/8/2022 19:00,39.18147278,64.51754761,50.29520035,3.09246707,68.67242432,50.09910965,11.03597355,3.386668682,6.30402565,3178.094727,0.98564285,6.901937485,
9/8/2022 20:00,36.82593155,67.78539276,50.06708908,3.1327672,57.20130539,49.79799652,2.639563084,3.146186352,2.892611265,3178.422119,0.985400617,7.052576542,
9/8/2022 21:00,33.92706299,76.41805267,50.03016281,3.130187273,51.27249527,73.73141479,9.254185677,3.682459354,3.59684968,3179.26709,1.005209208,7.129110813,
9/8/2022 22:00,31.98919487,73.27967834,50.05236435,3.09569335,48.66524124,56.09979248,7.213741779,4.649772167,5.919895649,3178.349854,1.007448554,7.530508995,
9/8/2022 23:00,30.01501083,68.99128723,50.04351425,3.111002207,46.92871094,51.3899765,8.953889847,2.830266476,6.449313641,3178.140381,0.988437355,6.855497837,
10/8/2022 0:00,33.18825531,84.0623703,49.52947235,3.099361658,45.51633072,67.56375885,5.345648766,2.369646788,5.384732246,3178.273193,0.987689078,8.449009895,
10/8/2022 1:00,32.66963577,66.60298157,50.11968231,3.021165133,44.91051102,65.64638519,7.662399769,4.779135227,8.326360703,3178.358643,0.985348761,9.181108475,
10/8/2022 2:00,30.58621025,80.93218231,49.65183258,3.068446875,44.31358719,52.86645889,9.086535454,4.598858356,5.935702801,3179.932129,0.988506496,8.906002998,
10/8/2022 3:00,28.78248787,67.2562561,50.23088455,3.041449308,43.86005783,49.66043091,6.272168636,3.607362747,4.958916664,3180.093018,0.986970544,9.228274345,
10/8/2022 4:00,27.96155739,67.81738281,35.66397858,0.003851854,42.13496399,44.55390549,0.104300804,0.095420428,-0.048051238,-4.452889919,-0.025110492,0.235321701,
10/8/2022 5:00,28.0420742,67.94438171,33.13149643,0.003803986,37.52952957,39.22946167,0.105867997,0.098489605,-0.047085747,-3.984894037,-0.023790164,0.185760707,
10/8/2022 6:00,28.11117554,68.02542114,34.0449028,0.004414724,35.20452881,36.56314087,0.116070233,0.093159281,-0.046132732,-3.990698099,-0.020325238,0.158468336,
10/8/2022 7:00,28.24117088,68.10417175,34.97760391,0.00374587,33.68822479,34.70709229,0.109498009,0.099299043,-0.04577915,-4.168929577,-0.023879202,0.146506876,
10/8/2022 8:00,28.2259407,67.82833862,35.87617493,0.004430959,33.42369461,33.65923309,0.105052926,0.098817527,-0.046321344,-3.83351779,-0.022037547,0.134683594,
10/8/2022 9:00,28.2924099,67.19075775,36.90297318,0.004862815,34.68302155,33.06443405,0.106136128,0.101823352,-0.048724242,-4.236904621,-0.024508836,0.128171042,
10/8/2022 10:00,28.97333336,67.39725494,37.81586838,0.00450009,37.02671432,32.90987015,0.104255684,0.096503213,-0.050737645,-4.020792007,-0.02122198,0.12843141,
10/8/2022 11:00,27.57152748,66.97653198,38.69120789,0.004968009,38.82711792,33.0791626,0.11202386,0.102911629,-0.050965071,-3.63199544,-0.020584097,0.128734216,
10/8/2022 12:00,31.5806942,67.66674805,39.46331787,0.004544343,39.64730835,33.5205307,0.108264022,0.097657919,-0.050425746,-3.83780098,-0.020485746,0.128203601,
10/8/2022 13:00,31.71513748,68.63528442,40.1554718,0.004250103,39.49019623,33.51782227,0.106799692,0.099833682,-0.051420141,-3.959884167,-0.023094255,0.119543597,
10/8/2022 14:00,32.01550674,69.46578979,40.85246658,0.005095304,38.09486771,32.83777237,0.105006941,0.094903573,-0.048432264,-4.016114712,-0.021251135,0.121625021,
10/8/2022 15:00,32.75426865,69.776474,41.67036438,0.003863188,37.00809097,32.22050858,0.111925438,0.10062883,-0.04786006,-4.180300236,-0.023169573,0.123953618,
10/8/2022 16:00,38.69537735,70.62947845,42.48441696,0.00447258,36.21435165,31.92113495,0.104256228,0.099341832,-0.048554212,-4.109245777,-0.021337939,0.123817839,
10/8/2022 17:00,38.28467178,71.7236557,43.27378082,0.002747736,35.43161774,31.63656616,0.112285167,0.094946697,-0.04598058,-4.000312805,-0.019646417,0.124038763,
10/8/2022 18:00,38.02628326,71.35218048,44.03381729,0.003523608,34.24456406,31.04423332,0.108450845,0.099528857,-0.045780402,-4.055160046,-0.019275587,0.119373105,
10/8/2022 19:00,37.76119995,72.14332581,44.80927277,0.003187238,32.74166489,30.43464661,0.107001208,0.09640184,-0.045678534,-3.675504923,-0.020660387,0.117044099,
10/8/2022 20:00,37.4552002,72.68269348,45.58407211,0.003781541,31.98445129,30.12596512,0.107985891,0.100965314,-0.045776274,-4.215162754,-0.019217089,0.128119618,
10/8/2022 21:00,37.54926682,73.08227539,46.3520813,0.003060147,31.38983536,29.81433296,0.107181594,0.092876531,-0.043589424,-3.801861763,-0.021391701,0.130401596,
10/8/2022 22:00,41.76223755,73.09646606,47.13482285,0.003957233,30.91949654,29.67071152,0.105027236,0.093644015,-0.045775976,-3.74841857,-0.019455126,0.122665577,
10/8/2022 23:00,41.99411011,73.38405609,47.90403748,0.00320588,30.49425697,29.5610981,0.108838715,0.095896617,-0.045770042,-3.987857819,-0.022447871,0.124690093,
11/8/2022 0:00,43.77283096,73.66330719,48.65113831,0.003609544,30.17071152,29.54611778,0.103171423,0.096171752,-0.045776367,-4.008059025,-0.019116418,0.121683612,
11/8/2022 1:00,46.41956711,74.02217865,49.42409515,0.003795157,30.03512764,29.52678299,0.106067233,0.099836811,-0.044307038,-4.023059845,-0.022278219,0.11688143,
11/8/2022 2:00,46.60467148,74.21388245,50.18575668,0.003907216,29.92989349,29.35746384,0.110794649,0.09357889,-0.045408968,-4.084228516,-0.023301503,0.119189322,
11/8/2022 3:00,46.8080864,74.5811615,50.68503571,0.004451343,29.66428947,29.16893005,0.104115717,0.09612862,-0.045753654,-3.977335215,-0.021629684,0.118347198,
11/8/2022 4:00,47.28752899,74.8421402,49.97184372,0.003154066,29.62805748,29.07774734,0.108334236,0.101673484,-0.045754097,-3.940233469,-0.020022124,0.116393134,
11/8/2022 5:00,47.78487778,75.18202209,49.94916534,0.004819581,29.42048454,29.07444763,0.107470721,0.098783121,-0.045371804,-3.942438602,-0.02138239,0.119234048,
11/8/2022 6:00,47.96430206,75.79322815,49.92443848,0.003575989,29.14654922,28.85123825,0.107134409,0.093749225,-0.04504199,-3.813371658,-0.022760177,0.123695903,
11/8/2022 7:00,48.17693329,73.4176178,50.06682205,0.00428002,29.46483231,28.85426331,0.100600868,0.092922643,-0.044314172,-3.802388668,-0.02172133,0.126724213,
11/8/2022 8:00,48.323246,73.48366547,50.01095581,0.004719682,31.23267365,29.16204453,0.106301844,0.092315577,-0.04650839,-4.10387373,-0.022597168,0.121999644,
11/8/2022 9:00,48.53468323,74.68657684,49.94567108,0.003636428,33.10556793,29.5789547,0.10948661,0.095598593,-0.048683584,-3.754039526,-0.022058947,0.119252138,
11/8/2022 10:00,48.62718964,74.78790283,49.91453552,0.00471328,34.84796143,30.13037682,0.110170588,0.092183061,-0.048652846,-3.823163033,-0.018784061,0.125819951,
11/8/2022 11:00,44.80459976,85.47423553,62.08295059,0.003278262,41.67120361,73.5803299,4.278194427,1.272414684,2.009447813,3182.347656,1.012034535,7.732706547,
11/8/2022 12:00,45.2984314,58.09711075,43.14770126,2.721131325,63.82572937,58.57653809,1.884015322,2.378404856,2.271333694,2453.276123,15.18785095,3.394667864,
11/8/2022 13:00,47.3572998,60.11235428,38.08899307,0.004545787,50.00844574,45.15008926,0.107856996,0.095999025,-0.051313546,-0.603325307,-0.02600468,0.197584018,
11/8/2022 14:00,47.47063065,61.66409302,38.89067078,0.003851882,44.73887634,40.42439651,0.109568909,0.095301665,-0.049868543,-0.517439783,-0.021983501,0.159655735,
11/8/2022 15:00,47.84137726,62.25868607,39.58543777,0.004741963,41.36639023,37.64097977,0.107135028,0.101346463,-0.048872706,-0.557497621,-0.02225735,0.144773737,
11/8/2022 16:00,48.00205994,63.58748245,40.33401489,0.003639858,38.50880432,35.3783989,0.111249849,0.097474337,-0.047298785,-0.196954668,-0.021761805,0.135015175,
11/8/2022 17:00,48.84909821,65.01764679,41.10110855,0.004551691,36.6288147,33.95714569,0.105568737,0.092530854,-0.046613522,-0.170795783,-0.022155337,0.13640888,
11/8/2022 18:00,49.10480499,65.14176941,41.86459732,0.003474052,35.14918518,33.06521988,0.10567037,0.095728487,-0.046027943,-0.237104788,-0.019397866,0.129799679,
11/8/2022 19:00,49.88610458,66.5602951,42.64083099,0.003753635,33.99382401,32.32994843,0.110195488,0.093073614,-0.046132542,-0.142559424,-0.021869164,0.127258956,
11/8/2022 20:00,53.15945053,68.08094788,43.43801117,0.004158913,33.12404251,31.87867165,0.111112207,0.095371254,-0.045776367,-0.170440316,-0.021251051,0.122079678,
11/8/2022 21:00,53.39434052,68.42274475,44.23247528,0.004561089,32.41256714,31.44463158,0.106720373,0.093207292,-0.045236845,-0.36397928,-0.019418258,0.121711843,
11/8/2022 22:00,53.64389038,70.41013336,45.03371429,0.004439722,31.94257736,31.02580833,0.10223946,0.092607357,-0.045777105,-0.311279893,-0.019980615,0.122157648,
11/8/2022 23:00,53.84103012,70.02540588,45.83318329,0.003402686,31.62267876,30.72434425,0.106680743,0.090896666,-0.045776282,-0.51169318,-0.022155907,0.127683759,
12/8/2022 0:00,54.73015594,72.71364594,46.58929825,0.004432484,31.07901764,30.43865967,0.110790439,0.105414666,-0.045691106,-0.270642817,-0.0188813,0.115447603,
12/8/2022 1:00,54.99993515,73.53462219,47.37322998,0.003148887,30.10993767,29.82444382,0.109608807,0.090453759,-0.042858809,-0.319618672,-0.02201679,0.1169229,
12/8/2022 2:00,55.12077332,75.52346802,48.20198059,0.003931336,29.71714211,29.45796013,0.103279606,0.091607682,-0.045591891,-0.300763071,-0.023265429,0.118046239,
12/8/2022 3:00,54.95860291,78.28155518,49.01296234,0.004091536,29.62556458,29.38183975,0.106309086,0.091743231,-0.045291122,-0.55002898,-0.021028554,0.11879462,
12/8/2022 4:00,55.20050812,75.57876587,49.81111526,0.00379978,29.50512886,29.1539917,0.108371727,0.091021657,-0.045757487,-0.246239245,-0.023564924,0.118089348,
12/8/2022 5:00,55.38140488,78.35504913,50.58004379,0.003325199,29.41142082,29.09879303,0.108158939,0.09583649,-0.045743793,-0.430214435,-0.023283629,0.123281918,
12/8/2022 6:00,55.61567307,74.50409698,51.37788391,0.004415552,29.35951233,29.07641792,0.106795348,0.095400624,-0.045694012,-0.197597057,-0.020071985,0.11811132,
12/8/2022 7:00,56.15587997,77.32904816,52.17200851,0.00373221,29.68462181,29.08613396,0.106845841,0.100106366,-0.04577617,-0.448340356,-0.022121318,0.122869052,
12/8/2022 8:00,56.30306625,78.14351654,42.29457474,0.005267776,31.37144661,29.16487503,0.108709432,0.095196739,-0.046491649,-0.107459575,-0.020130955,0.125312343,
12/8/2022 9:00,57.24718475,78.79843903,39.26369858,0.004824129,33.80347061,29.68007851,0.112107396,0.084646441,-0.048782181,-0.32653743,-0.020603439,0.122093327,
12/8/2022 10:00,62.13188553,81.82354736,40.03207779,0.003862691,35.91162109,30.25672913,0.10508848,0.101617604,-0.048844237,-0.240445465,-0.023374803,0.131855831,
12/8/2022 11:00,62.16284561,84.786026,40.81748199,0.004134855,37.62418747,30.76743126,0.105275996,0.096999243,-0.049783248,-0.447719544,-0.02016608,0.126125559,
12/8/2022 12:00,61.15664673,55.11892319,41.5469017,0.004674422,38.3138237,31.46809196,0.108781718,0.095458128,-0.051170465,-0.397413164,-0.023593325,0.123638168,
12/8/2022 13:00,64.4817276,65.24153137,42.36481094,0.003574956,39.04185867,32.07862473,0.104218386,0.093899742,-0.051278371,-0.175841153,-0.019625043,0.122166835,
12/8/2022 14:00,64.99663544,65.32644653,43.16445923,0.004420951,39.09109116,32.59246445,0.106098093,0.097975492,-0.051854413,-0.533422291,-0.019289942,0.123745322,
12/8/2022 15:00,65.12438965,65.39961243,43.90024185,0.004539706,38.38385773,32.77471542,0.104234226,0.094735615,-0.049706366,-0.419928491,-0.020609746,0.128588662,
12/8/2022 16:00,66.01926422,65.42446136,44.6699791,0.003948559,37.31708145,32.92111206,0.10262496,0.104832426,-0.049586419,-0.368455023,-0.020294856,0.124820538,
12/8/2022 17:00,66.23722076,65.4502182,45.45206833,0.003384623,36.34511185,32.76853561,0.109635353,0.09728007,-0.048825402,-0.56847614,-0.019480977,0.128174394,
12/8/2022 18:00,66.45639801,65.47911835,46.22135544,0.004574704,35.4475708,32.44864273,0.101290375,0.087375745,-0.048051476,-0.218376294,-0.021307938,0.118473977,
12/8/2022 19:00,66.67752838,65.51206207,47.00891495,0.003708269,34.32323456,32.10319901,0.107905544,0.093166322,-0.046037745,-0.45429486,-0.021773623,0.122966513,
12/8/2022 20:00,66.91439819,65.49812317,47.80112839,0.003410902,33.57129288,31.86454964,0.106286518,0.094647177,-0.04577947,-0.40991056,-0.017593538,0.125580385,
12/8/2022 21:00,65.61369324,84.36317444,53.27054214,2.937639236,45.6781044,92.56793213,6.862535954,2.180306196,4.540524006,3184.74585,1.027924657,6.847811699,
12/8/2022 22:00,64.17275238,76.70817566,49.68246078,2.780711651,65.33481598,60.9024353,1.381888866,2.169920444,1.348792195,3180.538818,0.9876737,5.524674416,
12/8/2022 23:00,62.7702713,71.5187149,49.65315628,2.758282423,71.9143219,52.90309143,4.205493927,2.501720667,4.881788254,3182.073242,0.990106761,4.151206493,
13/8/2022 0:00,61.09352112,66.7531662,50.02551651,2.711799622,72.57358551,50.7688942,2.009642363,0.97023195,2.20210743,3181.060303,0.989637494,4.513901711,
13/8/2022 1:00,59.22320938,73.13553619,49.81959534,2.744978189,72.37475586,50.6040802,2.284241438,1.316203952,2.478886366,3180.405029,0.987036288,4.413167,
13/8/2022 2:00,57.31205368,82.6317215,50.10084534,2.769897938,67.31980133,49.78694916,7.79051733,2.079959393,3.549431324,3178.702148,0.988307595,4.105724335,
13/8/2022 3:00,55.78730392,77.24099731,50.22312164,2.760471821,55.34904099,49.34145737,5.914004326,2.133928061,4.677351475,3179.268066,0.984544098,4.189006329,
13/8/2022 4:00,54.04374695,73.10194397,50.11796188,2.751687765,49.40091705,51.77575684,7.09040451,3.140977621,5.657280445,3180.289307,0.988073587,4.418622017,
13/8/2022 5:00,53.29662704,68.38969421,50.18561172,2.738909721,47.08130646,53.18492508,5.499987125,4.20838213,6.269212246,3180.248291,0.987545609,4.224757671,
13/8/2022 6:00,51.66198349,66.39244843,50.19384003,2.703835726,45.94878769,53.99351883,4.812196255,3.661176443,5.619112015,3180.343262,0.989558101,4.362287045,
13/8/2022 7:00,52.69767761,84.30194092,49.63791275,2.722579002,45.72585297,54.2766571,4.96050024,3.441394567,5.01414156,3180.128906,0.987998545,4.29537487,
13/8/2022 8:00,51.62361526,79.46061707,50.29801941,2.716838837,47.58990479,54.74919891,4.327688694,3.680767059,3.455278158,3180.317383,0.987237275,3.861852884,
13/8/2022 9:00,50.02535248,75.47467804,50.05420685,2.757765532,48.79418945,55.18801117,8.132609367,1.629700422,0.912589788,3179.755127,0.988408566,3.337744474,
13/8/2022 10:00,50.62439346,70.80885315,50.24888992,3.045641899,50.45623016,57.24102402,2.865128994,1.60135138,2.921495199,3179.979248,0.985835612,3.631129742,
13/8/2022 11:00,53.33239365,84.99362183,49.69416809,3.107270956,52.4042511,56.95041656,5.427514076,2.837003231,5.625043869,3179.744141,0.985719562,3.561456203,
13/8/2022 12:00,52.38531494,73.00687408,50.05747604,3.122116566,53.59923172,57.51244354,4.864847183,4.035597324,5.777957916,3179.555908,0.991333127,3.798547029,
13/8/2022 13:00,50.51872253,73.4940033,49.91233444,3.054282427,53.69378662,57.90976715,4.557877541,3.655780077,5.176673889,3179.451904,0.989619493,4.193490028,
13/8/2022 14:00,48.57459641,76.73609161,50.1997757,3.069078922,52.86234665,58.06769562,2.585869551,2.866739273,2.390021563,3178.685303,0.98692435,4.114932537,
13/8/2022 15:00,47.00491714,65.95904541,49.59035492,3.025966883,51.30101395,58.4798317,4.201500416,1.301782727,1.865827084,3179.907715,0.990732908,5.072646141,
13/8/2022 16:00,44.75616837,81.01483917,49.96728897,3.061162233,50.40402603,58.59796143,6.146160603,2.222110748,5.020535946,3180.441895,0.990354478,5.345377445,
13/8/2022 17:00,43.39910507,68.94159698,49.85244751,3.079564571,50.35702896,58.24032974,6.719080925,3.342181921,5.9252882,3180.050293,0.988209903,4.142930984,
13/8/2022 18:00,41.82651901,82.22922516,49.90786362,3.049443722,49.14837265,56.70402145,6.136902332,3.890334606,5.525838375,3180.131592,0.98576051,4.435587406,
13/8/2022 19:00,40.42224121,69.04442596,50.19401932,3.043852329,47.90766525,54.59312057,3.401292324,3.011228085,1.787689924,3180.180908,0.987918496,3.765604496,
13/8/2022 20:00,38.37565231,81.88064575,49.93798065,3.071290493,46.99849701,53.53175354,9.843820572,2.055183172,5.204620361,3180.057617,0.986974597,4.055126667,
13/8/2022 21:00,37.94079971,68.3082962,50.16740417,3.102610826,46.58961868,51.75437546,8.543637276,4.044543266,6.51979208,3180.197998,0.988936961,3.669341326,
13/8/2022 22:00,38.62252045,81.15900421,49.70703125,3.076497555,46.76035309,51.65906906,6.725275517,3.493891716,2.44704175,3180.407471,0.986467063,4.269698143,
13/8/2022 23:00,37.42628098,67.61634827,50.17658997,3.104788065,46.61551285,51.67195892,6.541809082,1.561689138,4.074210167,3180.012939,0.986236393,4.903702736,
14/8/2022 0:00,35.30391312,80.28232574,49.89538574,3.132024288,46.16609573,51.8225441,7.820298195,3.03142643,6.461906433,3180.217041,0.989702702,4.587685585,
14/8/2022 1:00,34.03358841,86.81583405,51.85088348,0.003808009,44.58677292,47.98637009,0.143853918,0.169993997,0.021385247,60.87347412,15.18858433,3.137949467,
14/8/2022 2:00,34.25348663,86.96800232,43.08181381,0.004145605,39.79038239,42.97988129,0.112283424,0.098673619,-0.046091061,-0.490873307,-0.022331577,0.170715541,
14/8/2022 3:00,34.48047638,87.04016876,43.84335709,0.004431556,36.79805756,39.95088577,0.107688181,0.094235688,-0.045822654,-0.483771175,-0.019642748,0.145938963,
14/8/2022 4:00,34.71340942,87.10155487,44.59994125,0.004623607,35.1523056,37.87068176,0.112965554,0.09537255,-0.04584315,-0.532599747,-0.022155307,0.135699615,
14/8/2022 5:00,35.42625046,87.06556702,45.3547554,0.004094123,34.07072449,36.58066559,0.105031192,0.094415963,-0.045776367,-0.250166982,-0.022224663,0.116807625,
14/8/2022 6:00,35.65311813,87.14705658,46.10499191,0.003848767,32.96997833,35.22253036,0.105535001,0.096198313,-0.045779169,-0.702447534,-0.022519294,0.117736839,
14/8/2022 7:00,35.85158157,87.10257721,46.87996292,0.004483021,33.12627792,34.19350433,0.110560194,0.09447296,-0.045988359,-0.373079121,-0.017907776,0.115868174,
14/8/2022 8:00,36.01203537,87.0901947,47.75418472,0.004689253,35.28427124,33.45054245,0.110518247,0.09303771,-0.04882529,-0.497706622,-0.017227629,0.112948604,
14/8/2022 9:00,36.22707748,85.90106201,48.50231171,0.004788872,37.78238297,33.09656143,0.107324988,0.090890437,-0.051657218,-0.364311248,-0.020734739,0.107726336,
14/8/2022 10:00,36.36081696,75.88301849,49.26970673,0.005138529,39.95111847,33.21775818,0.105864115,0.096513294,-0.052657142,-0.221140936,-0.021443594,0.111421585,
14/8/2022 11:00,36.76093292,75.96259308,49.96954727,0.005336113,41.36824417,33.42082596,0.107572079,0.090136394,-0.054371592,-0.330164015,-0.021724759,0.110564642,
14/8/2022 12:00,37.50691986,76.23723602,50.72259903,0.004809609,41.81959915,34.10747147,0.111590281,0.092526324,-0.054418098,-0.376962394,-0.020556267,0.11585927,
14/8/2022 13:00,37.57953262,76.34124756,49.75401688,0.005406949,41.84061432,34.6206398,0.109822847,0.093479164,-0.051913105,-0.135399505,-0.022156354,0.10572502,
14/8/2022 14:00,43.70691681,76.4512558,50.37677002,0.005026986,41.0832901,35.18213272,0.108808503,0.102539413,-0.05232586,-0.299665987,-0.018584786,0.108726308,
14/8/2022 15:00,44.46131134,76.53339386,50.15544891,0.004671948,39.78466034,35.33549118,0.109485261,0.096150994,-0.051891446,-0.36552462,-0.020810461,0.116730019,
14/8/2022 16:00,44.62733841,76.59181976,50.065979,0.003363959,38.5443306,35.13354492,0.10854429,0.095576562,-0.050253224,-0.336232722,-0.020510001,0.11427784,
14/8/2022 17:00,45.05955505,76.60546112,50.08496857,0.004164625,37.76290131,34.94522858,0.10808181,0.100797154,-0.048981037,-0.425601602,-0.019326536,0.11046619,
14/8/2022 18:00,45.30421066,76.67588043,50.06684113,0.004478512,36.80128479,34.57535172,0.111824736,0.094991818,-0.048828125,-0.453839988,-0.02114908,0.104884334,
14/8/2022 19:00,45.30158615,76.73567963,50.09861755,0.003698448,35.70370483,33.82122803,0.105990417,0.094510756,-0.04871396,-0.404144794,-0.018393904,0.116226487,
14/8/2022 20:00,46.15913773,76.80113983,50.07950211,0.004221365,34.6958847,33.0760498,0.104000084,0.093498304,-0.045883004,-0.359330416,-0.024723144,0.118994936,
14/8/2022 21:00,49.99368668,76.87578583,50.07091904,0.004314105,34.00728226,32.70445251,0.106844664,0.097706184,-0.045879543,-0.237000257,-0.02054319,0.113269947,
14/8/2022 22:00,52.73856735,76.78569031,50.02374268,0.003544498,33.38352203,32.17930984,0.103860408,0.091885976,-0.045776416,-0.048068635,-0.017302657,0.120044477,
14/8/2022 23:00,52.7794342,76.83866119,49.9291954,0.0032147,32.82046127,31.87427902,0.107080199,0.099005744,-0.045865562,-0.306245983,-0.021945219,0.119306542,
15/8/2022 0:00,52.93160629,76.84881592,49.89435196,0.004399046,32.2996788,31.49039268,0.106721193,0.093371622,-0.045776367,-0.203179687,-0.024231011,0.125062764,
